year,month,state,monthNum,fatalities
2021,Dec.21,HI,11,2
2021,Dec.21,NJ,11,2
2021,Dec.21,TX,11,1
2021,Dec.21,CA,11,3
2021,Dec.21,PA,11,2
2021,Dec.21,NC,11,2
2021,Dec.21,MN,11,3
2021,Nov.21,MN,10,2
2021,Nov.21,NY,10,1
2021,Nov.21,IL,10,2
2021,Nov.21,SD,10,1
2021,Nov.21,MI,10,1
2021,Nov.21,CA,10,3
2021,Nov.21,TX,10,2
2021,Oct.21,CA,9,5
2021,Oct.21,CO,9,2
2021,Oct.21,OH,9,5
2021,Oct.21,LA,9,1
2021,Oct.21,FL,9,1
2021,Oct.21,NE,9,1
2021,Oct.21,IL,9,2
2021,Oct.21,TX,9,4
2021,Oct.21,TN,9,4
2021,Oct.21,IA,9,2
2021,Sep.21,WI,8,5
2021,Sep.21,FL,8,5
2021,Sep.21,ID,8,4
2021,Sep.21,OH,8,3
2021,Sep.21,ME,8,1
2021,Sep.21,TN,8,7
2021,Sep.21,MT,8,1
2021,Sep.21,VT,8,2
2021,Sep.21,IA,8,2
2021,Sep.21,NH,8,1
2021,Sep.21,LA,8,2
2021,Sep.21,UT,8,1
2021,Sep.21,NY,8,4
2021,Sep.21,CA,8,11
2021,Sep.21,OR,8,1
2021,Sep.21,TX,8,9
2021,Sep.21,IL,8,3
2021,Sep.21,GA,8,2
2021,Sep.21,PA,8,2
2021,Sep.21,VA,8,2
2021,Sep.21,AL,8,1
2021,Sep.21,MI,8,2
2021,Sep.21,NJ,8,2
2021,Sep.21,CO,8,1
2021,Aug.21,PR,7,2
2021,Aug.21,AL,7,3
2021,Aug.21,FL,7,3
2021,Aug.21,TN,7,7
2021,Aug.21,IL,7,3
2021,Aug.21,IN,7,4
2021,Aug.21,GA,7,5
2021,Aug.21,NH,7,2
2021,Aug.21,WI,7,1
2021,Aug.21,MI,7,3
2021,Aug.21,TX,7,23
2021,Aug.21,WV,7,2
2021,Aug.21,NC,7,4
2021,Aug.21,CA,7,21
2021,Aug.21,NY,7,2
2021,Aug.21,MN,7,2
2021,Aug.21,KY,7,3
2021,Aug.21,MO,7,2
2021,Aug.21,CO,7,3
2021,Aug.21,IA,7,1
2021,Aug.21,HI,7,1
2021,Aug.21,ND,7,1
2021,Aug.21,OH,7,3
2021,Aug.21,ME,7,1
2021,Aug.21,LA,7,2
2021,Aug.21,OR,7,2
2021,Aug.21,VA,7,1
2021,Aug.21,NE,7,2
2021,Aug.21,PA,7,1
2021,Jul.21,LA,6,3
2021,Jul.21,OR,6,3
2021,Jul.21,TN,6,4
2021,Jul.21,HI,6,2
2021,Jul.21,CO,6,3
2021,Jul.21,CT,6,2
2021,Jul.21,FL,6,4
2021,Jul.21,TX,6,13
2021,Jul.21,KY,6,3
2021,Jul.21,CA,6,12
2021,Jul.21,WI,6,1
2021,Jul.21,OK,6,4
2021,Jul.21,ME,6,1
2021,Jul.21,GA,6,4
2021,Jul.21,UT,6,1
2021,Jul.21,NJ,6,3
2021,Jul.21,NE,6,1
2021,Jul.21,MI,6,1
2021,Jul.21,ID,6,1
2021,Jul.21,NY,6,2
2021,Jul.21,MA,6,1
2021,Jul.21,VI,6,1
2021,Jul.21,IL,6,2
2021,Jul.21,SC,6,4
2021,Jul.21,KS,6,3
2021,Jul.21,NC,6,6
2021,Jul.21,PA,6,5
2021,Jul.21,AL,6,4
2021,Jul.21,OH,6,1
2021,Jul.21,MN,6,3
2021,Jul.21,MS,6,1
2021,Jun.21,KY,5,2
2021,Jun.21,OK,5,3
2021,Jun.21,CT,5,3
2021,Jun.21,CA,5,13
2021,Jun.21,MA,5,3
2021,Jun.21,KS,5,3
2021,Jun.21,TX,5,10
2021,Jun.21,MI,5,3
2021,Jun.21,CO,5,2
2021,Jun.21,FL,5,11
2021,Jun.21,AZ,5,2
2021,Jun.21,OR,5,3
2021,Jun.21,LA,5,6
2021,Jun.21,IL,5,5
2021,Jun.21,GA,5,5
2021,Jun.21,NC,5,7
2021,Jun.21,VT,5,1
2021,Jun.21,PR,5,2
2021,Jun.21,TN,5,4
2021,Jun.21,PA,5,3
2021,Jun.21,AR,5,2
2021,Jun.21,MD,5,6
2021,Jun.21,ID,5,1
2021,Jun.21,MN,5,3
2021,Jun.21,NV,5,4
2021,Jun.21,VA,5,1
2021,Jun.21,UT,5,2
2021,Jun.21,IN,5,2
2021,Jun.21,IA,5,1
2021,Jun.21,NY,5,4
2021,Jun.21,MT,5,1
2021,Jun.21,SC,5,2
2021,Jun.21,OH,5,1
2021,Jun.21,WI,5,1
2021,Jun.21,NM,5,1
2021,Jun.21,MO,5,2
2021,Jun.21,WV,5,1
2021,Jun.21,RI,5,1
2021,May.21,MO,4,1
2021,May.21,MS,4,2
2021,May.21,NY,4,7
2021,May.21,GA,4,3
2021,May.21,CA,4,8
2021,May.21,FL,4,8
2021,May.21,IL,4,6
2021,May.21,CO,4,2
2021,May.21,MA,4,4
2021,May.21,NC,4,4
2021,May.21,NM,4,2
2021,May.21,AR,4,1
2021,May.21,IN,4,2
2021,May.21,NJ,4,4
2021,May.21,TX,4,9
2021,May.21,PA,4,2
2021,May.21,OH,4,4
2021,May.21,WI,4,3
2021,May.21,DE,4,1
2021,May.21,UT,4,2
2021,May.21,OK,4,1
2021,May.21,ME,4,1
2021,May.21,CT,4,1
2021,May.21,SC,4,1
2021,May.21,SD,4,1
2021,May.21,MT,4,1
2021,May.21,VA,4,2
2021,May.21,KY,4,1
2021,May.21,KS,4,1
2021,May.21,NV,4,1
2021,May.21,AL,4,1
2021,Apr.21,LA,3,3
2021,Apr.21,AR,3,1
2021,Apr.21,VA,3,5
2021,Apr.21,KS,3,3
2021,Apr.21,NC,3,6
2021,Apr.21,UT,3,1
2021,Apr.21,SC,3,2
2021,Apr.21,FL,3,6
2021,Apr.21,WV,3,1
2021,Apr.21,KY,3,3
2021,Apr.21,TN,3,4
2021,Apr.21,PR,3,3
2021,Apr.21,CA,3,7
2021,Apr.21,TX,3,19
2021,Apr.21,MA,3,1
2021,Apr.21,CT,3,1
2021,Apr.21,NY,3,13
2021,Apr.21,MI,3,9
2021,Apr.21,OK,3,5
2021,Apr.21,MT,3,2
2021,Apr.21,AL,3,2
2021,Apr.21,OR,3,3
2021,Apr.21,WY,3,1
2021,Apr.21,RI,3,1
2021,Apr.21,PA,3,3
2021,Apr.21,ME,3,1
2021,Apr.21,CO,3,1
2021,Apr.21,IL,3,4
2021,Apr.21,NV,3,1
2021,Apr.21,OH,3,4
2021,Apr.21,MS,3,2
2021,Apr.21,GA,3,1
2021,Apr.21,NJ,3,3
2021,Apr.21,AS,3,1
2021,Apr.21,MO,3,2
2021,Mar.21,IL,2,9
2021,Mar.21,CO,2,5
2021,Mar.21,CA,2,16
2021,Mar.21,AR,2,2
2021,Mar.21,VA,2,5
2021,Mar.21,FL,2,9
2021,Mar.21,TN,2,6
2021,Mar.21,KS,2,2
2021,Mar.21,LA,2,4
2021,Mar.21,OH,2,6
2021,Mar.21,AL,2,2
2021,Mar.21,KY,2,2
2021,Mar.21,SC,2,3
2021,Mar.21,GA,2,3
2021,Mar.21,AK,2,1
2021,Mar.21,MN,2,7
2021,Mar.21,TX,2,15
2021,Mar.21,OR,2,3
2021,Mar.21,IA,2,3
2021,Mar.21,NY,2,9
2021,Mar.21,MD,2,2
2021,Mar.21,MS,2,1
2021,Mar.21,MO,2,1
2021,Mar.21,AZ,2,2
2021,Mar.21,OK,2,2
2021,Mar.21,DC,2,1
2021,Mar.21,PR,2,2
2021,Mar.21,NM,2,1
2021,Mar.21,MT,2,1
2021,Mar.21,HI,2,1
2021,Mar.21,NC,2,1
2021,Mar.21,NJ,2,7
2021,Mar.21,IN,2,1
2021,Mar.21,PA,2,2
2021,Mar.21,MA,2,3
2021,Mar.21,WV,2,1
2021,Mar.21,WA,2,1
2021,Feb.21,AL,1,4
2021,Feb.21,TX,1,14
2021,Feb.21,NC,1,5
2021,Feb.21,NY,1,13
2021,Feb.21,CA,1,29
2021,Feb.21,MS,1,1
2021,Feb.21,MD,1,2
2021,Feb.21,OR,1,5
2021,Feb.21,MA,1,5
2021,Feb.21,TN,1,5
2021,Feb.21,SC,1,4
2021,Feb.21,FL,1,5
2021,Feb.21,LA,1,3
2021,Feb.21,IN,1,5
2021,Feb.21,UT,1,2
2021,Feb.21,MN,1,3
2021,Feb.21,OH,1,6
2021,Feb.21,KY,1,6
2021,Feb.21,OK,1,1
2021,Feb.21,ID,1,1
2021,Feb.21,NJ,1,8
2021,Feb.21,IL,1,7
2021,Feb.21,GA,1,2
2021,Feb.21,PA,1,6
2021,Feb.21,WY,1,1
2021,Feb.21,NV,1,1
2021,Feb.21,WI,1,1
2021,Feb.21,CO,1,4
2021,Feb.21,NE,1,2
2021,Jan.21,FL,0,13
2021,Jan.21,MS,0,3
2021,Jan.21,TX,0,31
2021,Jan.21,CT,0,4
2021,Jan.21,MN,0,1
2021,Jan.21,OK,0,7
2021,Jan.21,KS,0,3
2021,Jan.21,NC,0,6
2021,Jan.21,GA,0,5
2021,Jan.21,NJ,0,17
2021,Jan.21,ID,0,1
2021,Jan.21,AL,0,6
2021,Jan.21,MO,0,5
2021,Jan.21,OR,0,6
2021,Jan.21,NY,0,19
2021,Jan.21,LA,0,3
2021,Jan.21,CA,0,68
2021,Jan.21,NV,0,5
2021,Jan.21,SC,0,4
2021,Jan.21,MD,0,7
2021,Jan.21,MI,0,5
2021,Jan.21,ND,0,1
2021,Jan.21,TN,0,8
2021,Jan.21,NM,0,6
2021,Jan.21,DE,0,2
2021,Jan.21,IN,0,3
2021,Jan.21,WI,0,1
2021,Jan.21,IL,0,11
2021,Jan.21,CO,0,4
2021,Jan.21,AR,0,4
2021,Jan.21,PR,0,3
2021,Jan.21,VA,0,7
2021,Jan.21,HI,0,1
2021,Jan.21,OH,0,5
2021,Jan.21,UT,0,1
2021,Jan.21,NE,0,1
2020,Dec.20,PA,11,10
2020,Dec.20,FL,11,11
2020,Dec.20,IN,11,7
2020,Dec.20,MI,11,11
2020,Dec.20,AR,11,5
2020,Dec.20,NY,11,14
2020,Dec.20,CA,11,98
2020,Dec.20,GA,11,6
2020,Dec.20,VA,11,7
2020,Dec.20,LA,11,3
2020,Dec.20,NJ,11,10
2020,Dec.20,NC,11,9
2020,Dec.20,TX,11,21
2020,Dec.20,SC,11,4
2020,Dec.20,OR,11,5
2020,Dec.20,UT,11,1
2020,Dec.20,MT,11,1
2020,Dec.20,SD,11,1
2020,Dec.20,MN,11,2
2020,Dec.20,OK,11,3
2020,Dec.20,TN,11,10
2020,Dec.20,AZ,11,1
2020,Dec.20,MS,11,1
2020,Dec.20,WV,11,3
2020,Dec.20,AL,11,3
2020,Dec.20,IA,11,2
2020,Dec.20,IL,11,13
2020,Dec.20,NH,11,3
2020,Dec.20,NE,11,3
2020,Dec.20,RI,11,1
2020,Dec.20,OH,11,9
2020,Dec.20,MD,11,1
2020,Dec.20,KY,11,9
2020,Dec.20,WI,11,4
2020,Dec.20,NV,11,2
2020,Dec.20,HI,11,1
2020,Dec.20,CO,11,8
2020,Nov.20,AL,10,4
2020,Nov.20,NC,10,9
2020,Nov.20,GA,10,4
2020,Nov.20,OK,10,5
2020,Nov.20,TX,10,21
2020,Nov.20,FL,10,2
2020,Nov.20,IL,10,16
2020,Nov.20,CO,10,5
2020,Nov.20,CA,10,30
2020,Nov.20,NH,10,1
2020,Nov.20,IN,10,5
2020,Nov.20,MO,10,7
2020,Nov.20,UT,10,1
2020,Nov.20,LA,10,1
2020,Nov.20,AZ,10,1
2020,Nov.20,NE,10,6
2020,Nov.20,MT,10,1
2020,Nov.20,TN,10,5
2020,Nov.20,NY,10,14
2020,Nov.20,VA,10,4
2020,Nov.20,MI,10,9
2020,Nov.20,KY,10,11
2020,Nov.20,PA,10,2
2020,Nov.20,CT,10,2
2020,Nov.20,KS,10,2
2020,Nov.20,OH,10,8
2020,Nov.20,ME,10,1
2020,Nov.20,SC,10,1
2020,Nov.20,OR,10,5
2020,Nov.20,AK,10,2
2020,Nov.20,ID,10,2
2020,Nov.20,MD,10,1
2020,Nov.20,NJ,10,5
2020,Nov.20,MS,10,1
2020,Nov.20,DE,10,2
2020,Nov.20,WV,10,2
2020,Nov.20,MN,10,2
2020,Nov.20,WI,10,4
2020,Oct.20,IA,9,3
2020,Oct.20,KY,9,8
2020,Oct.20,CA,9,25
2020,Oct.20,IL,9,4
2020,Oct.20,MA,9,3
2020,Oct.20,PA,9,5
2020,Oct.20,TX,9,17
2020,Oct.20,MI,9,7
2020,Oct.20,GA,9,1
2020,Oct.20,NY,9,9
2020,Oct.20,ND,9,2
2020,Oct.20,FL,9,5
2020,Oct.20,AL,9,6
2020,Oct.20,TN,9,5
2020,Oct.20,DC,9,1
2020,Oct.20,OH,9,4
2020,Oct.20,MD,9,3
2020,Oct.20,NC,9,5
2020,Oct.20,NJ,9,4
2020,Oct.20,OR,9,5
2020,Oct.20,MN,9,1
2020,Oct.20,VA,9,4
2020,Oct.20,WI,9,4
2020,Oct.20,ME,9,2
2020,Oct.20,SC,9,1
2020,Oct.20,UT,9,3
2020,Oct.20,NM,9,1
2020,Oct.20,WV,9,2
2020,Oct.20,NH,9,1
2020,Oct.20,ID,9,1
2020,Oct.20,MO,9,4
2020,Oct.20,LA,9,2
2020,Oct.20,OK,9,2
2020,Sep.20,IL,8,6
2020,Sep.20,KY,8,4
2020,Sep.20,FL,8,13
2020,Sep.20,CA,8,31
2020,Sep.20,PR,8,2
2020,Sep.20,DC,8,1
2020,Sep.20,GA,8,9
2020,Sep.20,NC,8,8
2020,Sep.20,TX,8,15
2020,Sep.20,CT,8,1
2020,Sep.20,OH,8,4
2020,Sep.20,WI,8,3
2020,Sep.20,MI,8,4
2020,Sep.20,MO,8,4
2020,Sep.20,NY,8,8
2020,Sep.20,DE,8,1
2020,Sep.20,PA,8,3
2020,Sep.20,AR,8,2
2020,Sep.20,VA,8,8
2020,Sep.20,NM,8,1
2020,Sep.20,NJ,8,3
2020,Sep.20,TN,8,6
2020,Sep.20,LA,8,2
2020,Sep.20,VT,8,1
2020,Sep.20,MN,8,2
2020,Sep.20,IA,8,2
2020,Sep.20,SD,8,2
2020,Sep.20,OR,8,1
2020,Sep.20,AL,8,3
2020,Sep.20,ID,8,1
2020,Sep.20,MD,8,1
2020,Sep.20,UT,8,1
2020,Sep.20,KS,8,1
2020,Sep.20,OK,8,2
2020,Sep.20,CO,8,2
2020,Sep.20,SC,8,2
2020,Sep.20,MA,8,1
2020,Aug.20,CA,7,55
2020,Aug.20,RI,7,1
2020,Aug.20,IN,7,11
2020,Aug.20,NY,7,10
2020,Aug.20,VA,7,5
2020,Aug.20,AR,7,3
2020,Aug.20,LA,7,7
2020,Aug.20,PA,7,5
2020,Aug.20,CO,7,1
2020,Aug.20,WI,7,2
2020,Aug.20,NC,7,9
2020,Aug.20,ME,7,1
2020,Aug.20,PR,7,3
2020,Aug.20,NM,7,2
2020,Aug.20,WV,7,1
2020,Aug.20,MD,7,1
2020,Aug.20,SC,7,2
2020,Aug.20,OH,7,8
2020,Aug.20,OR,7,12
2020,Aug.20,TN,7,11
2020,Aug.20,GA,7,7
2020,Aug.20,NJ,7,4
2020,Aug.20,WY,7,2
2020,Aug.20,KY,7,8
2020,Aug.20,AL,7,6
2020,Aug.20,KS,7,2
2020,Aug.20,TX,7,22
2020,Aug.20,MI,7,3
2020,Aug.20,IL,7,5
2020,Aug.20,FL,7,7
2020,Aug.20,CT,7,5
2020,Aug.20,OK,7,3
2020,Aug.20,IA,7,7
2020,Aug.20,MS,7,5
2020,Aug.20,UT,7,3
2020,Aug.20,MN,7,3
2020,Aug.20,MA,7,1
2020,Aug.20,AZ,7,2
2020,Aug.20,DE,7,1
2020,Jul.20,FL,6,16
2020,Jul.20,CA,6,46
2020,Jul.20,NV,6,1
2020,Jul.20,OR,6,8
2020,Jul.20,MS,6,1
2020,Jul.20,OH,6,4
2020,Jul.20,NC,6,9
2020,Jul.20,MI,6,7
2020,Jul.20,TX,6,27
2020,Jul.20,TN,6,4
2020,Jul.20,WI,6,6
2020,Jul.20,IN,6,3
2020,Jul.20,OK,6,3
2020,Jul.20,AR,6,7
2020,Jul.20,KY,6,6
2020,Jul.20,AZ,6,5
2020,Jul.20,ND,6,1
2020,Jul.20,VT,6,1
2020,Jul.20,GA,6,9
2020,Jul.20,PA,6,6
2020,Jul.20,AL,6,4
2020,Jul.20,IA,6,2
2020,Jul.20,NY,6,5
2020,Jul.20,UT,6,1
2020,Jul.20,IL,6,9
2020,Jul.20,MD,6,3
2020,Jul.20,NJ,6,6
2020,Jul.20,MN,6,2
2020,Jul.20,NM,6,2
2020,Jun.20,FL,5,9
2020,Jun.20,DC,5,2
2020,Jun.20,MN,5,9
2020,Jun.20,CO,5,5
2020,Jun.20,MI,5,4
2020,Jun.20,NJ,5,9
2020,Jun.20,TX,5,14
2020,Jun.20,LA,5,1
2020,Jun.20,PA,5,5
2020,Jun.20,WI,5,6
2020,Jun.20,MD,5,5
2020,Jun.20,DE,5,1
2020,Jun.20,NC,5,4
2020,Jun.20,AL,5,3
2020,Jun.20,CA,5,36
2020,Jun.20,IL,5,12
2020,Jun.20,TN,5,1
2020,Jun.20,NY,5,12
2020,Jun.20,SC,5,2
2020,Jun.20,VA,5,4
2020,Jun.20,OR,5,1
2020,Jun.20,KY,5,2
2020,Jun.20,MT,5,1
2020,Jun.20,WV,5,1
2020,Jun.20,NM,5,2
2020,Jun.20,MS,5,1
2020,Jun.20,UT,5,2
2020,Jun.20,IN,5,1
2020,Jun.20,AZ,5,4
2020,Jun.20,ID,5,1
2020,Jun.20,NV,5,1
2020,May.20,OH,4,10
2020,May.20,WI,4,3
2020,May.20,TN,4,3
2020,May.20,CA,4,21
2020,May.20,NM,4,4
2020,May.20,GA,4,5
2020,May.20,TX,4,10
2020,May.20,NC,4,8
2020,May.20,FL,4,6
2020,May.20,IN,4,7
2020,May.20,CO,4,2
2020,May.20,IL,4,33
2020,May.20,OR,4,2
2020,May.20,PA,4,4
2020,May.20,SD,4,1
2020,May.20,MD,4,3
2020,May.20,IA,4,1
2020,May.20,NE,4,8
2020,May.20,MO,4,4
2020,May.20,OK,4,1
2020,May.20,HI,4,1
2020,May.20,MA,4,15
2020,May.20,MN,4,5
2020,Apr.20,CA,3,24
2020,Apr.20,DC,3,1
2020,Apr.20,NJ,3,97
2020,Apr.20,OK,3,3
2020,Apr.20,OH,3,8
2020,Apr.20,TX,3,10
2020,Apr.20,IA,3,1
2020,Apr.20,NY,3,157
2020,Apr.20,UT,3,2
2020,Apr.20,GA,3,3
2020,Apr.20,OR,3,1
2020,Apr.20,AL,3,4
2020,Apr.20,NC,3,2
2020,Apr.20,SC,3,1
2020,Apr.20,FL,3,9
2020,Apr.20,IL,3,35
2020,Apr.20,MA,3,9
2020,Apr.20,PA,3,7
2020,Apr.20,KS,3,4
2020,Apr.20,TN,3,4
2020,Apr.20,AR,3,1
2020,Apr.20,ID,3,1
2020,Apr.20,MO,3,6
2020,Apr.20,AZ,3,2
2020,Mar.20,CA,2,14
2020,Mar.20,AL,2,2
2020,Mar.20,TN,2,5
2020,Mar.20,AZ,2,3
2020,Mar.20,SC,2,1
2020,Mar.20,TX,2,15
2020,Mar.20,LA,2,3
2020,Mar.20,NY,2,48
2020,Mar.20,NM,2,2
2020,Mar.20,AR,2,3
2020,Mar.20,MN,2,1
2020,Mar.20,NH,2,2
2020,Mar.20,FL,2,5
2020,Mar.20,VA,2,2
2020,Mar.20,ID,2,1
2020,Mar.20,IN,2,4
2020,Mar.20,KS,2,1
2020,Mar.20,KY,2,3
2020,Mar.20,WI,2,3
2020,Mar.20,MD,2,1
2020,Mar.20,GA,2,4
2020,Mar.20,RI,2,1
2020,Mar.20,MI,2,10
2020,Mar.20,OR,2,3
2020,Mar.20,NJ,2,25
2020,Mar.20,IL,2,6
2020,Mar.20,NC,2,1
2020,Mar.20,OH,2,2
2020,Mar.20,UT,2,1
2020,Mar.20,PA,2,3
2020,Mar.20,OK,2,1
2020,Mar.20,DE,2,1
2020,Mar.20,MS,2,1
2020,Feb.20,WI,1,2
2020,Feb.20,TX,1,13
2020,Feb.20,OR,1,2
2020,Feb.20,PA,1,4
2020,Feb.20,FL,1,4
2020,Feb.20,CA,1,10
2020,Feb.20,AL,1,3
2020,Feb.20,NJ,1,4
2020,Feb.20,OK,1,6
2020,Feb.20,NC,1,2
2020,Feb.20,CO,1,1
2020,Feb.20,TN,1,2
2020,Feb.20,GA,1,3
2020,Feb.20,MS,1,3
2020,Feb.20,OH,1,3
2020,Feb.20,NY,1,8
2020,Feb.20,SC,1,2
2020,Feb.20,AZ,1,2
2020,Feb.20,MD,1,2
2020,Feb.20,KS,1,1
2020,Feb.20,IA,1,2
2020,Feb.20,MI,1,1
2020,Feb.20,VA,1,2
2020,Feb.20,WV,1,1
2020,Feb.20,MO,1,1
2020,Feb.20,IL,1,1
2020,Feb.20,UT,1,1
2020,Feb.20,VT,1,1
2020,Feb.20,IN,1,1
2020,Feb.20,LA,1,1
2020,Feb.20,KY,1,1
2020,Jan.20,PA,0,3
2020,Jan.20,MA,0,2
2020,Jan.20,UT,0,1
2020,Jan.20,ND,0,1
2020,Jan.20,FL,0,12
2020,Jan.20,NC,0,5
2020,Jan.20,TX,0,9
2020,Jan.20,NY,0,4
2020,Jan.20,NJ,0,5
2020,Jan.20,MO,0,1
2020,Jan.20,MD,0,2
2020,Jan.20,IN,0,3
2020,Jan.20,VA,0,1
2020,Jan.20,CA,0,5
2020,Jan.20,OH,0,4
2020,Jan.20,WV,0,1
2020,Jan.20,LA,0,2
2020,Jan.20,SD,0,2
2020,Jan.20,MI,0,2
2020,Jan.20,KY,0,1
2020,Jan.20,GA,0,4
2020,Jan.20,WI,0,2
2020,Jan.20,AZ,0,3
2020,Jan.20,OR,0,5
2020,Jan.20,NV,0,1
2020,Jan.20,OK,0,4
2020,Jan.20,AR,0,1
2020,Jan.20,IL,0,3
2020,Jan.20,AL,0,2
2020,Jan.20,SC,0,1
2020,Jan.20,NE,0,1
2019,Dec.19,NC,11,2
2019,Dec.19,OK,11,2
2019,Dec.19,TX,11,13
2019,Dec.19,KY,11,5
2019,Dec.19,IL,11,4
2019,Dec.19,AR,11,1
2019,Dec.19,VA,11,4
2019,Dec.19,NY,11,4
2019,Dec.19,MA,11,2
2019,Dec.19,LA,11,2
2019,Dec.19,ID,11,1
2019,Dec.19,WY,11,1
2019,Dec.19,DC,11,1
2019,Dec.19,IN,11,2
2019,Dec.19,MS,11,3
2019,Dec.19,CA,11,7
2019,Dec.19,NE,11,1
2019,Dec.19,SD,11,1
2019,Dec.19,SC,11,4
2019,Dec.19,FL,11,3
2019,Dec.19,PA,11,1
2019,Dec.19,RI,11,1
2019,Dec.19,MI,11,3
2019,Dec.19,GA,11,3
2019,Dec.19,NJ,11,3
2019,Dec.19,CO,11,2
2019,Dec.19,AL,11,3
2019,Dec.19,MN,11,1
2019,Dec.19,OH,11,2
2019,Dec.19,UT,11,1
2019,Dec.19,KS,11,1
2019,Dec.19,WI,11,1
2019,Dec.19,ND,11,1
2019,Dec.19,OR,11,1
2019,Dec.19,DE,11,1
2019,Dec.19,AZ,11,1
2019,Dec.19,IA,11,1
2019,Nov.19,LA,10,3
2019,Nov.19,FL,10,11
2019,Nov.19,ND,10,2
2019,Nov.19,NJ,10,3
2019,Nov.19,SC,10,4
2019,Nov.19,HI,10,1
2019,Nov.19,IA,10,2
2019,Nov.19,OK,10,2
2019,Nov.19,TX,10,16
2019,Nov.19,MA,10,3
2019,Nov.19,MI,10,3
2019,Nov.19,PA,10,3
2019,Nov.19,CO,10,1
2019,Nov.19,CA,10,8
2019,Nov.19,OH,10,4
2019,Nov.19,ME,10,2
2019,Nov.19,IN,10,3
2019,Nov.19,DE,10,1
2019,Nov.19,IL,10,3
2019,Nov.19,OR,10,5
2019,Nov.19,GA,10,5
2019,Nov.19,NY,10,4
2019,Nov.19,KS,10,2
2019,Nov.19,NC,10,2
2019,Nov.19,SD,10,1
2019,Nov.19,MN,10,1
2019,Nov.19,AL,10,1
2019,Nov.19,MS,10,1
2019,Nov.19,ID,10,1
2019,Nov.19,TN,10,3
2019,Nov.19,NM,10,1
2019,Nov.19,KY,10,1
2019,Nov.19,CT,10,1
2019,Nov.19,WV,10,1
2019,Nov.19,WI,10,1
2019,Nov.19,MD,10,1
2019,Nov.19,AZ,10,1
2019,Nov.19,AR,10,2
2019,Nov.19,NV,10,1
2019,Nov.19,UT,10,1
2019,Oct.19,TX,9,19
2019,Oct.19,CA,9,5
2019,Oct.19,HI,9,1
2019,Oct.19,NC,9,6
2019,Oct.19,NY,9,11
2019,Oct.19,PA,9,2
2019,Oct.19,UT,9,1
2019,Oct.19,OR,9,5
2019,Oct.19,VA,9,5
2019,Oct.19,NE,9,2
2019,Oct.19,CT,9,1
2019,Oct.19,IL,9,4
2019,Oct.19,IN,9,4
2019,Oct.19,RI,9,1
2019,Oct.19,KS,9,1
2019,Oct.19,MS,9,2
2019,Oct.19,AK,9,1
2019,Oct.19,AR,9,3
2019,Oct.19,MI,9,3
2019,Oct.19,LA,9,5
2019,Oct.19,ME,9,2
2019,Oct.19,MD,9,3
2019,Oct.19,NM,9,2
2019,Oct.19,SC,9,2
2019,Oct.19,AZ,9,3
2019,Oct.19,KY,9,1
2019,Oct.19,FL,9,8
2019,Oct.19,CO,9,2
2019,Oct.19,GA,9,5
2019,Oct.19,TN,9,3
2019,Oct.19,MO,9,1
2019,Oct.19,NJ,9,3
2019,Oct.19,OK,9,1
2019,Oct.19,OH,9,2
2019,Oct.19,IA,9,1
2019,Oct.19,MN,9,1
2019,Oct.19,WV,9,1
2019,Oct.19,MA,9,1
2019,Sep.19,IA,8,3
2019,Sep.19,TX,8,20
2019,Sep.19,WI,8,5
2019,Sep.19,CT,8,2
2019,Sep.19,OK,8,2
2019,Sep.19,CA,8,15
2019,Sep.19,LA,8,3
2019,Sep.19,FL,8,5
2019,Sep.19,TN,8,3
2019,Sep.19,VA,8,2
2019,Sep.19,AL,8,4
2019,Sep.19,NM,8,2
2019,Sep.19,PA,8,6
2019,Sep.19,MO,8,4
2019,Sep.19,IL,8,5
2019,Sep.19,GA,8,7
2019,Sep.19,MN,8,1
2019,Sep.19,AZ,8,1
2019,Sep.19,MI,8,4
2019,Sep.19,OH,8,5
2019,Sep.19,HI,8,1
2019,Sep.19,NE,8,3
2019,Sep.19,MD,8,3
2019,Sep.19,WY,8,1
2019,Sep.19,NY,8,5
2019,Sep.19,MS,8,1
2019,Sep.19,OR,8,2
2019,Sep.19,IN,8,2
2019,Sep.19,KY,8,1
2019,Sep.19,SC,8,1
2019,Sep.19,ME,8,1
2019,Sep.19,NC,8,2
2019,Sep.19,MA,8,1
2019,Sep.19,KS,8,2
2019,Sep.19,VI,8,1
2019,Aug.19,FL,7,12
2019,Aug.19,MO,7,5
2019,Aug.19,MI,7,3
2019,Aug.19,TX,7,17
2019,Aug.19,NM,7,1
2019,Aug.19,SC,7,4
2019,Aug.19,CA,7,11
2019,Aug.19,MD,7,2
2019,Aug.19,AR,7,2
2019,Aug.19,CO,7,1
2019,Aug.19,NY,7,10
2019,Aug.19,IL,7,8
2019,Aug.19,IA,7,2
2019,Aug.19,VA,7,4
2019,Aug.19,NC,7,3
2019,Aug.19,IN,7,2
2019,Aug.19,OH,7,5
2019,Aug.19,KY,7,2
2019,Aug.19,VT,7,2
2019,Aug.19,TN,7,2
2019,Aug.19,PA,7,5
2019,Aug.19,GA,7,4
2019,Aug.19,OR,7,8
2019,Aug.19,ID,7,2
2019,Aug.19,NJ,7,3
2019,Aug.19,KS,7,2
2019,Aug.19,MN,7,2
2019,Aug.19,MT,7,1
2019,Aug.19,AK,7,1
2019,Aug.19,ME,7,1
2019,Aug.19,NE,7,1
2019,Aug.19,UT,7,1
2019,Aug.19,LA,7,3
2019,Aug.19,AZ,7,1
2019,Aug.19,SD,7,1
2019,Aug.19,MA,7,1
2019,Aug.19,NV,7,1
2019,Aug.19,WY,7,1
2019,Aug.19,OK,7,1
2019,Aug.19,AL,7,1
2019,Jul.19,PR,6,1
2019,Jul.19,TX,6,21
2019,Jul.19,KS,6,3
2019,Jul.19,CA,6,18
2019,Jul.19,AR,6,3
2019,Jul.19,PA,6,7
2019,Jul.19,WI,6,5
2019,Jul.19,GA,6,6
2019,Jul.19,OH,6,7
2019,Jul.19,NC,6,7
2019,Jul.19,NY,6,8
2019,Jul.19,MS,6,2
2019,Jul.19,NJ,6,3
2019,Jul.19,LA,6,2
2019,Jul.19,IN,6,5
2019,Jul.19,SC,6,5
2019,Jul.19,HI,6,1
2019,Jul.19,KY,6,4
2019,Jul.19,AZ,6,6
2019,Jul.19,FL,6,12
2019,Jul.19,UT,6,1
2019,Jul.19,CO,6,3
2019,Jul.19,NM,6,2
2019,Jul.19,IL,6,4
2019,Jul.19,MO,6,3
2019,Jul.19,AL,6,1
2019,Jul.19,VA,6,4
2019,Jul.19,MN,6,2
2019,Jul.19,DE,6,1
2019,Jul.19,MD,6,2
2019,Jul.19,IA,6,3
2019,Jul.19,MI,6,3
2019,Jul.19,OK,6,3
2019,Jul.19,ND,6,2
2019,Jul.19,NV,6,1
2019,Jul.19,TN,6,1
2019,Jul.19,NE,6,2
2019,Jul.19,MT,6,1
2019,Jul.19,OR,6,1
2019,Jun.19,MD,5,6
2019,Jun.19,AZ,5,2
2019,Jun.19,TX,5,11
2019,Jun.19,AL,5,3
2019,Jun.19,FL,5,8
2019,Jun.19,IL,5,8
2019,Jun.19,NJ,5,3
2019,Jun.19,MI,5,3
2019,Jun.19,UT,5,1
2019,Jun.19,IA,5,3
2019,Jun.19,WV,5,1
2019,Jun.19,CA,5,11
2019,Jun.19,NC,5,4
2019,Jun.19,CO,5,3
2019,Jun.19,WI,5,4
2019,Jun.19,NY,5,3
2019,Jun.19,PR,5,4
2019,Jun.19,OR,5,6
2019,Jun.19,OK,5,2
2019,Jun.19,VA,5,3
2019,Jun.19,LA,5,1
2019,Jun.19,GA,5,6
2019,Jun.19,IN,5,7
2019,Jun.19,AR,5,1
2019,Jun.19,TN,5,3
2019,Jun.19,SC,5,2
2019,Jun.19,ME,5,2
2019,Jun.19,KS,5,3
2019,Jun.19,NH,5,1
2019,Jun.19,NE,5,2
2019,Jun.19,MN,5,2
2019,Jun.19,PA,5,3
2019,Jun.19,MA,5,2
2019,Jun.19,AK,5,1
2019,Jun.19,CT,5,1
2019,Jun.19,OH,5,1
2019,Jun.19,KY,5,1
2019,Jun.19,VT,5,1
2019,May.19,MI,4,6
2019,May.19,LA,4,5
2019,May.19,TX,4,15
2019,May.19,PA,4,3
2019,May.19,AZ,4,1
2019,May.19,CA,4,10
2019,May.19,MT,4,2
2019,May.19,OR,4,2
2019,May.19,OK,4,1
2019,May.19,KS,4,1
2019,May.19,AR,4,4
2019,May.19,IL,4,3
2019,May.19,RI,4,1
2019,May.19,FL,4,3
2019,May.19,VA,4,4
2019,May.19,DE,4,1
2019,May.19,MO,4,2
2019,May.19,KY,4,1
2019,May.19,NC,4,3
2019,May.19,GA,4,6
2019,May.19,IA,4,1
2019,May.19,OH,4,3
2019,May.19,SC,4,1
2019,May.19,WY,4,2
2019,May.19,NY,4,5
2019,May.19,ND,4,1
2019,May.19,ID,4,1
2019,May.19,CO,4,1
2019,May.19,MD,4,3
2019,May.19,MS,4,1
2019,May.19,UT,4,1
2019,May.19,MN,4,2
2019,May.19,TN,4,1
2019,May.19,MA,4,1
2019,May.19,NM,4,1
2019,May.19,IN,4,2
2019,May.19,WV,4,1
2019,Apr.19,IL,3,5
2019,Apr.19,CA,3,14
2019,Apr.19,AL,3,6
2019,Apr.19,NC,3,6
2019,Apr.19,GA,3,6
2019,Apr.19,NY,3,6
2019,Apr.19,TX,3,13
2019,Apr.19,OR,3,7
2019,Apr.19,AR,3,2
2019,Apr.19,IN,3,3
2019,Apr.19,CT,3,1
2019,Apr.19,MN,3,3
2019,Apr.19,KY,3,4
2019,Apr.19,UT,3,1
2019,Apr.19,FL,3,13
2019,Apr.19,MA,3,1
2019,Apr.19,CO,3,3
2019,Apr.19,VA,3,1
2019,Apr.19,IA,3,1
2019,Apr.19,OH,3,6
2019,Apr.19,ND,3,1
2019,Apr.19,PA,3,4
2019,Apr.19,KS,3,1
2019,Apr.19,NJ,3,3
2019,Apr.19,NE,3,3
2019,Apr.19,LA,3,2
2019,Apr.19,MO,3,2
2019,Apr.19,WI,3,1
2019,Apr.19,MD,3,1
2019,Apr.19,ID,3,4
2019,Apr.19,SC,3,3
2019,Apr.19,PR,3,1
2019,Apr.19,OK,3,1
2019,Apr.19,WV,3,1
2019,Apr.19,NM,3,1
2019,Apr.19,AZ,3,1
2019,Apr.19,NH,3,1
2019,Mar.19,OH,2,3
2019,Mar.19,WI,2,3
2019,Mar.19,IL,2,5
2019,Mar.19,SC,2,5
2019,Mar.19,TX,2,13
2019,Mar.19,WV,2,3
2019,Mar.19,OR,2,4
2019,Mar.19,NJ,2,3
2019,Mar.19,HI,2,1
2019,Mar.19,TN,2,1
2019,Mar.19,CA,2,7
2019,Mar.19,NY,2,4
2019,Mar.19,AL,2,3
2019,Mar.19,FL,2,10
2019,Mar.19,IN,2,1
2019,Mar.19,MS,2,2
2019,Mar.19,MI,2,3
2019,Mar.19,ND,2,2
2019,Mar.19,GA,2,5
2019,Mar.19,VI,2,1
2019,Mar.19,NC,2,1
2019,Mar.19,OK,2,2
2019,Mar.19,UT,2,1
2019,Mar.19,PA,2,2
2019,Mar.19,MO,2,1
2019,Mar.19,IA,2,1
2019,Mar.19,KY,2,2
2019,Mar.19,VA,2,2
2019,Mar.19,AK,2,1
2019,Mar.19,CO,2,1
2019,Mar.19,PR,2,2
2019,Mar.19,NM,2,1
2019,Mar.19,ME,2,1
2019,Mar.19,NV,2,1
2019,Feb.19,FL,1,5
2019,Feb.19,PA,1,4
2019,Feb.19,NY,1,3
2019,Feb.19,NC,1,3
2019,Feb.19,CA,1,11
2019,Feb.19,MD,1,2
2019,Feb.19,MS,1,1
2019,Feb.19,KY,1,7
2019,Feb.19,NE,1,1
2019,Feb.19,VA,1,2
2019,Feb.19,LA,1,1
2019,Feb.19,MI,1,4
2019,Feb.19,TN,1,2
2019,Feb.19,KS,1,1
2019,Feb.19,TX,1,9
2019,Feb.19,NJ,1,2
2019,Feb.19,DE,1,1
2019,Feb.19,UT,1,1
2019,Feb.19,CO,1,2
2019,Feb.19,OR,1,1
2019,Feb.19,MN,1,1
2019,Feb.19,MA,1,1
2019,Feb.19,GA,1,1
2019,Feb.19,CT,1,1
2019,Feb.19,IL,1,1
2019,Feb.19,OK,1,3
2019,Feb.19,OH,1,3
2019,Feb.19,AL,1,2
2019,Feb.19,AZ,1,1
2019,Jan.19,IL,0,2
2019,Jan.19,FL,0,14
2019,Jan.19,TX,0,7
2019,Jan.19,CA,0,9
2019,Jan.19,UT,0,2
2019,Jan.19,KS,0,1
2019,Jan.19,TN,0,3
2019,Jan.19,PA,0,5
2019,Jan.19,VA,0,6
2019,Jan.19,PR,0,4
2019,Jan.19,WI,0,3
2019,Jan.19,NC,0,4
2019,Jan.19,CO,0,3
2019,Jan.19,SC,0,2
2019,Jan.19,ID,0,2
2019,Jan.19,NY,0,5
2019,Jan.19,GA,0,1
2019,Jan.19,MN,0,1
2019,Jan.19,OH,0,4
2019,Jan.19,LA,0,2
2019,Jan.19,KY,0,1
2019,Jan.19,NE,0,1
2019,Jan.19,NV,0,2
2019,Jan.19,DE,0,2
2019,Jan.19,SD,0,1
2019,Jan.19,NM,0,1
2019,Jan.19,OR,0,2
2019,Jan.19,MA,0,1
2019,Jan.19,WA,0,1
2019,Jan.19,IA,0,1
2019,Jan.19,MI,0,1
2019,Jan.19,MT,0,1
2019,Jan.19,AZ,0,1
2018,Dec.18,CA,11,7
2018,Dec.18,IL,11,4
2018,Dec.18,MN,11,2
2018,Dec.18,GA,11,3
2018,Dec.18,FL,11,7
2018,Dec.18,TX,11,8
2018,Dec.18,OH,11,3
2018,Dec.18,MD,11,2
2018,Dec.18,KS,11,2
2018,Dec.18,WA,11,1
2018,Dec.18,WY,11,1
2018,Dec.18,AZ,11,1
2018,Dec.18,NH,11,1
2018,Dec.18,NY,11,6
2018,Dec.18,PA,11,7
2018,Dec.18,MA,11,4
2018,Dec.18,AL,11,2
2018,Dec.18,NE,11,1
2018,Dec.18,MO,11,2
2018,Dec.18,NC,11,3
2018,Dec.18,SC,11,2
2018,Dec.18,VA,11,2
2018,Dec.18,ME,11,1
2018,Dec.18,NV,11,2
2018,Dec.18,NJ,11,1
2018,Dec.18,PR,11,1
2018,Dec.18,IN,11,1
2018,Dec.18,WV,11,2
2018,Dec.18,IA,11,2
2018,Dec.18,KY,11,1
2018,Dec.18,AR,11,1
2018,Dec.18,OR,11,1
2018,Nov.18,FL,10,8
2018,Nov.18,OH,10,4
2018,Nov.18,MI,10,1
2018,Nov.18,GA,10,2
2018,Nov.18,TX,10,5
2018,Nov.18,KY,10,4
2018,Nov.18,MS,10,1
2018,Nov.18,CA,10,6
2018,Nov.18,IL,10,1
2018,Nov.18,MA,10,3
2018,Nov.18,OR,10,2
2018,Nov.18,CO,10,2
2018,Nov.18,VI,10,1
2018,Nov.18,GU,10,1
2018,Nov.18,NY,10,3
2018,Nov.18,NJ,10,3
2018,Nov.18,MN,10,4
2018,Nov.18,VA,10,2
2018,Nov.18,IN,10,3
2018,Nov.18,PR,10,1
2018,Nov.18,AR,10,1
2018,Nov.18,LA,10,4
2018,Nov.18,ID,10,2
2018,Nov.18,IA,10,2
2018,Nov.18,MO,10,2
2018,Nov.18,WI,10,1
2018,Nov.18,AL,10,1
2018,Nov.18,PA,10,2
2018,Nov.18,NC,10,4
2018,Nov.18,UT,10,1
2018,Nov.18,MD,10,1
2018,Nov.18,NE,10,2
2018,Nov.18,KS,10,1
2018,Nov.18,AZ,10,1
2018,Oct.18,WY,9,2
2018,Oct.18,AR,9,2
2018,Oct.18,MD,9,3
2018,Oct.18,FL,9,12
2018,Oct.18,SC,9,1
2018,Oct.18,UT,9,2
2018,Oct.18,NY,9,5
2018,Oct.18,CT,9,2
2018,Oct.18,TX,9,6
2018,Oct.18,LA,9,2
2018,Oct.18,OK,9,1
2018,Oct.18,OH,9,2
2018,Oct.18,PA,9,8
2018,Oct.18,IL,9,4
2018,Oct.18,IN,9,3
2018,Oct.18,NC,9,4
2018,Oct.18,CA,9,7
2018,Oct.18,KY,9,2
2018,Oct.18,MI,9,5
2018,Oct.18,TN,9,4
2018,Oct.18,MA,9,1
2018,Oct.18,GA,9,3
2018,Oct.18,VA,9,2
2018,Oct.18,HI,9,1
2018,Oct.18,KS,9,3
2018,Oct.18,ID,9,2
2018,Oct.18,OR,9,2
2018,Oct.18,CO,9,1
2018,Oct.18,NJ,9,2
2018,Oct.18,WI,9,1
2018,Oct.18,PR,9,2
2018,Oct.18,DC,9,1
2018,Oct.18,DE,9,2
2018,Oct.18,MN,9,2
2018,Oct.18,MO,9,1
2018,Sep.18,AL,8,3
2018,Sep.18,NJ,8,2
2018,Sep.18,WY,8,2
2018,Sep.18,IA,8,4
2018,Sep.18,WV,8,3
2018,Sep.18,IN,8,4
2018,Sep.18,FL,8,11
2018,Sep.18,NC,8,1
2018,Sep.18,CA,8,11
2018,Sep.18,NY,8,7
2018,Sep.18,VA,8,2
2018,Sep.18,PA,8,3
2018,Sep.18,TX,8,4
2018,Sep.18,TN,8,3
2018,Sep.18,MI,8,6
2018,Sep.18,GA,8,5
2018,Sep.18,MN,8,2
2018,Sep.18,NH,8,2
2018,Sep.18,CO,8,1
2018,Sep.18,IL,8,4
2018,Sep.18,OH,8,5
2018,Sep.18,LA,8,6
2018,Sep.18,ID,8,2
2018,Sep.18,SC,8,1
2018,Sep.18,UT,8,2
2018,Sep.18,KS,8,1
2018,Sep.18,NE,8,2
2018,Sep.18,WI,8,1
2018,Sep.18,ME,8,1
2018,Sep.18,OK,8,1
2018,Sep.18,MS,8,1
2018,Sep.18,GU,8,1
2018,Sep.18,KY,8,1
2018,Sep.18,PR,8,1
2018,Sep.18,AR,8,1
2018,Sep.18,CT,8,1
2018,Aug.18,FL,7,13
2018,Aug.18,KY,7,4
2018,Aug.18,IA,7,3
2018,Aug.18,PA,7,3
2018,Aug.18,TX,7,10
2018,Aug.18,TN,7,3
2018,Aug.18,AL,7,1
2018,Aug.18,OH,7,5
2018,Aug.18,WV,7,1
2018,Aug.18,NC,7,4
2018,Aug.18,PR,7,1
2018,Aug.18,CT,7,1
2018,Aug.18,SC,7,3
2018,Aug.18,NH,7,1
2018,Aug.18,AR,7,2
2018,Aug.18,IL,7,7
2018,Aug.18,CA,7,13
2018,Aug.18,UT,7,1
2018,Aug.18,ND,7,2
2018,Aug.18,MS,7,1
2018,Aug.18,RI,7,2
2018,Aug.18,ID,7,2
2018,Aug.18,NY,7,7
2018,Aug.18,OR,7,4
2018,Aug.18,MD,7,2
2018,Aug.18,CO,7,1
2018,Aug.18,VA,7,5
2018,Aug.18,VT,7,2
2018,Aug.18,MI,7,2
2018,Aug.18,MO,7,2
2018,Aug.18,IN,7,3
2018,Aug.18,GA,7,3
2018,Aug.18,OK,7,1
2018,Aug.18,NE,7,2
2018,Aug.18,KS,7,2
2018,Aug.18,NV,7,1
2018,Aug.18,WI,7,3
2018,Aug.18,LA,7,1
2018,Aug.18,DE,7,1
2018,Jul.18,MA,6,5
2018,Jul.18,TX,6,15
2018,Jul.18,AZ,6,3
2018,Jul.18,MI,6,5
2018,Jul.18,NE,6,3
2018,Jul.18,OH,6,5
2018,Jul.18,VA,6,3
2018,Jul.18,WI,6,3
2018,Jul.18,OR,6,3
2018,Jul.18,GA,6,3
2018,Jul.18,CT,6,3
2018,Jul.18,SC,6,7
2018,Jul.18,NY,6,6
2018,Jul.18,PA,6,6
2018,Jul.18,OK,6,5
2018,Jul.18,CA,6,19
2018,Jul.18,FL,6,10
2018,Jul.18,IA,6,3
2018,Jul.18,IN,6,3
2018,Jul.18,NJ,6,1
2018,Jul.18,MD,6,1
2018,Jul.18,KS,6,1
2018,Jul.18,NC,6,4
2018,Jul.18,CO,6,2
2018,Jul.18,MO,6,8
2018,Jul.18,AL,6,1
2018,Jul.18,MN,6,3
2018,Jul.18,KY,6,2
2018,Jul.18,IL,6,1
2018,Jul.18,AR,6,2
2018,Jul.18,NM,6,1
2018,Jul.18,LA,6,3
2018,Jul.18,TN,6,1
2018,Jul.18,UT,6,2
2018,Jul.18,AK,6,1
2018,Jul.18,MS,6,2
2018,Jul.18,ID,6,1
2018,Jul.18,WV,6,1
2018,Jun.18,NY,5,7
2018,Jun.18,NC,5,3
2018,Jun.18,OH,5,6
2018,Jun.18,OR,5,3
2018,Jun.18,FL,5,9
2018,Jun.18,MA,5,2
2018,Jun.18,TN,5,1
2018,Jun.18,CA,5,11
2018,Jun.18,GA,5,10
2018,Jun.18,AL,5,3
2018,Jun.18,TX,5,6
2018,Jun.18,IN,5,2
2018,Jun.18,ID,5,2
2018,Jun.18,KY,5,1
2018,Jun.18,DC,5,2
2018,Jun.18,CO,5,3
2018,Jun.18,SC,5,1
2018,Jun.18,NJ,5,3
2018,Jun.18,PR,5,1
2018,Jun.18,AR,5,3
2018,Jun.18,OK,5,2
2018,Jun.18,IL,5,5
2018,Jun.18,MT,5,1
2018,Jun.18,MI,5,2
2018,Jun.18,IA,5,1
2018,Jun.18,PA,5,3
2018,Jun.18,WI,5,2
2018,Jun.18,MD,5,2
2018,Jun.18,RI,5,1
2018,Jun.18,WY,5,1
2018,Jun.18,MO,5,2
2018,Jun.18,KS,5,1
2018,May.18,PA,4,6
2018,May.18,CA,4,11
2018,May.18,NM,4,3
2018,May.18,MN,4,3
2018,May.18,AR,4,2
2018,May.18,FL,4,9
2018,May.18,ID,4,2
2018,May.18,NE,4,1
2018,May.18,OH,4,4
2018,May.18,OR,4,4
2018,May.18,MI,4,6
2018,May.18,IL,4,2
2018,May.18,NY,4,5
2018,May.18,MS,4,2
2018,May.18,WV,4,4
2018,May.18,NC,4,5
2018,May.18,VA,4,6
2018,May.18,LA,4,3
2018,May.18,TN,4,6
2018,May.18,DC,4,1
2018,May.18,SC,4,4
2018,May.18,TX,4,13
2018,May.18,WI,4,3
2018,May.18,IN,4,2
2018,May.18,IA,4,3
2018,May.18,SD,4,2
2018,May.18,AZ,4,2
2018,May.18,HI,4,4
2018,May.18,AK,4,1
2018,May.18,GA,4,1
2018,May.18,CO,4,1
2018,May.18,AL,4,3
2018,May.18,WY,4,1
2018,May.18,MA,4,2
2018,May.18,NJ,4,2
2018,May.18,OK,4,1
2018,May.18,UT,4,1
2018,May.18,RI,4,1
2018,Apr.18,GA,3,4
2018,Apr.18,OK,3,3
2018,Apr.18,MI,3,2
2018,Apr.18,WI,3,2
2018,Apr.18,FL,3,9
2018,Apr.18,CA,3,8
2018,Apr.18,NV,3,1
2018,Apr.18,TX,3,7
2018,Apr.18,CT,3,3
2018,Apr.18,IN,3,3
2018,Apr.18,AR,3,2
2018,Apr.18,AL,3,2
2018,Apr.18,NJ,3,2
2018,Apr.18,WY,3,1
2018,Apr.18,MD,3,4
2018,Apr.18,IA,3,3
2018,Apr.18,TN,3,4
2018,Apr.18,MO,3,3
2018,Apr.18,NC,3,1
2018,Apr.18,IL,3,3
2018,Apr.18,PR,3,3
2018,Apr.18,MA,3,2
2018,Apr.18,NY,3,9
2018,Apr.18,AZ,3,3
2018,Apr.18,OH,3,2
2018,Apr.18,NM,3,1
2018,Apr.18,MS,3,4
2018,Apr.18,OR,3,2
2018,Apr.18,PA,3,3
2018,Apr.18,NE,3,1
2018,Apr.18,LA,3,2
2018,Apr.18,VA,3,3
2018,Apr.18,SC,3,1
2018,Apr.18,UT,3,1
2018,Apr.18,CO,3,1
2018,Mar.18,LA,2,4
2018,Mar.18,IN,2,4
2018,Mar.18,TX,2,10
2018,Mar.18,FL,2,8
2018,Mar.18,CA,2,13
2018,Mar.18,NY,2,10
2018,Mar.18,TN,2,8
2018,Mar.18,KY,2,3
2018,Mar.18,OR,2,6
2018,Mar.18,OH,2,4
2018,Mar.18,GA,2,5
2018,Mar.18,HI,2,1
2018,Mar.18,ID,2,2
2018,Mar.18,IA,2,1
2018,Mar.18,PA,2,2
2018,Mar.18,SC,2,1
2018,Mar.18,MI,2,5
2018,Mar.18,WV,2,4
2018,Mar.18,NV,2,1
2018,Mar.18,CT,2,2
2018,Mar.18,UT,2,2
2018,Mar.18,MA,2,3
2018,Mar.18,AL,2,3
2018,Mar.18,VA,2,5
2018,Mar.18,AZ,2,2
2018,Mar.18,CO,2,3
2018,Mar.18,NJ,2,3
2018,Mar.18,IL,2,4
2018,Mar.18,NC,2,2
2018,Mar.18,WI,2,1
2018,Mar.18,MO,2,2
2018,Mar.18,AR,2,1
2018,Mar.18,OK,2,2
2018,Mar.18,PR,2,2
2018,Mar.18,MD,2,1
2018,Mar.18,ME,2,1
2018,Feb.18,IL,1,4
2018,Feb.18,PA,1,4
2018,Feb.18,TN,1,8
2018,Feb.18,TX,1,13
2018,Feb.18,CA,1,7
2018,Feb.18,MI,1,3
2018,Feb.18,MO,1,2
2018,Feb.18,IN,1,1
2018,Feb.18,OH,1,2
2018,Feb.18,OK,1,4
2018,Feb.18,NC,1,1
2018,Feb.18,FL,1,7
2018,Feb.18,NJ,1,2
2018,Feb.18,NE,1,3
2018,Feb.18,KY,1,1
2018,Feb.18,NM,1,4
2018,Feb.18,NY,1,2
2018,Feb.18,VA,1,3
2018,Feb.18,GA,1,1
2018,Feb.18,VT,1,1
2018,Feb.18,IA,1,1
2018,Feb.18,HI,1,1
2018,Feb.18,SC,1,1
2018,Feb.18,ND,1,1
2018,Feb.18,MT,1,1
2018,Jan.18,CA,0,7
2018,Jan.18,KS,0,3
2018,Jan.18,GA,0,2
2018,Jan.18,TX,0,15
2018,Jan.18,PA,0,4
2018,Jan.18,VA,0,2
2018,Jan.18,OK,0,3
2018,Jan.18,PR,0,1
2018,Jan.18,FL,0,5
2018,Jan.18,NE,0,2
2018,Jan.18,MN,0,3
2018,Jan.18,TN,0,2
2018,Jan.18,AL,0,1
2018,Jan.18,MD,0,1
2018,Jan.18,OH,0,2
2018,Jan.18,NC,0,5
2018,Jan.18,LA,0,2
2018,Jan.18,NV,0,1
2018,Jan.18,NY,0,1
2018,Jan.18,MT,0,1
2018,Jan.18,CO,0,1
2018,Jan.18,IN,0,1
2018,Jan.18,NJ,0,1
2018,Jan.18,MA,0,1
2018,Jan.18,WI,0,2
2018,Jan.18,ND,0,1
2018,Jan.18,IA,0,1
2018,Jan.18,AR,0,1
2018,Jan.18,MI,0,1
2018,Jan.18,SD,0,1
2018,Jan.18,WV,0,1
2017,Dec.17,OK,11,5
2017,Dec.17,CA,11,11
2017,Dec.17,NC,11,5
2017,Dec.17,MA,11,2
2017,Dec.17,NH,11,2
2017,Dec.17,FL,11,7
2017,Dec.17,OH,11,4
2017,Dec.17,WI,11,5
2017,Dec.17,WV,11,1
2017,Dec.17,CO,11,2
2017,Dec.17,TX,11,11
2017,Dec.17,KY,11,5
2017,Dec.17,MI,11,4
2017,Dec.17,LA,11,2
2017,Dec.17,AL,11,2
2017,Dec.17,IL,11,2
2017,Dec.17,GA,11,3
2017,Dec.17,PA,11,4
2017,Dec.17,KS,11,2
2017,Dec.17,UT,11,2
2017,Dec.17,NY,11,2
2017,Dec.17,VT,11,2
2017,Dec.17,OR,11,2
2017,Dec.17,MS,11,1
2017,Dec.17,SC,11,2
2017,Dec.17,VA,11,1
2017,Dec.17,CT,11,1
2017,Dec.17,MD,11,1
2017,Dec.17,IN,11,1
2017,Dec.17,IA,11,3
2017,Dec.17,NJ,11,1
2017,Dec.17,NE,11,1
2017,Dec.17,WA,11,1
2017,Dec.17,MN,11,1
2017,Dec.17,ME,11,1
2017,Dec.17,MO,11,1
2017,Nov.17,PA,10,2
2017,Nov.17,MN,10,5
2017,Nov.17,AR,10,2
2017,Nov.17,NJ,10,4
2017,Nov.17,MO,10,1
2017,Nov.17,DC,10,1
2017,Nov.17,MI,10,4
2017,Nov.17,OH,10,9
2017,Nov.17,NY,10,8
2017,Nov.17,AL,10,4
2017,Nov.17,SC,10,1
2017,Nov.17,WV,10,3
2017,Nov.17,TX,10,20
2017,Nov.17,WI,10,2
2017,Nov.17,NH,10,2
2017,Nov.17,NC,10,6
2017,Nov.17,OK,10,3
2017,Nov.17,TN,10,3
2017,Nov.17,KS,10,3
2017,Nov.17,IN,10,2
2017,Nov.17,FL,10,7
2017,Nov.17,OR,10,4
2017,Nov.17,MT,10,1
2017,Nov.17,NV,10,1
2017,Nov.17,CO,10,2
2017,Nov.17,KY,10,1
2017,Nov.17,VA,10,1
2017,Nov.17,IL,10,2
2017,Nov.17,CA,10,4
2017,Nov.17,AZ,10,3
2017,Nov.17,MS,10,1
2017,Oct.17,IL,9,7
2017,Oct.17,PA,9,4
2017,Oct.17,OH,9,9
2017,Oct.17,GA,9,7
2017,Oct.17,NM,9,1
2017,Oct.17,AL,9,1
2017,Oct.17,DE,9,1
2017,Oct.17,AS,9,1
2017,Oct.17,MI,9,6
2017,Oct.17,SD,9,2
2017,Oct.17,LA,9,2
2017,Oct.17,ME,9,1
2017,Oct.17,TN,9,1
2017,Oct.17,AK,9,1
2017,Oct.17,MN,9,5
2017,Oct.17,NC,9,2
2017,Oct.17,FL,9,10
2017,Oct.17,SC,9,4
2017,Oct.17,CA,9,9
2017,Oct.17,WI,9,5
2017,Oct.17,GU,9,1
2017,Oct.17,NJ,9,4
2017,Oct.17,AZ,9,1
2017,Oct.17,UT,9,5
2017,Oct.17,IN,9,4
2017,Oct.17,VA,9,2
2017,Oct.17,TX,9,15
2017,Oct.17,MD,9,1
2017,Oct.17,ND,9,1
2017,Oct.17,NY,9,4
2017,Oct.17,KS,9,1
2017,Oct.17,WY,9,1
2017,Oct.17,OK,9,1
2017,Oct.17,OR,9,1
2017,Oct.17,MA,9,1
2017,Oct.17,HI,9,1
2017,Oct.17,KY,9,1
2017,Oct.17,CO,9,1
2017,Sep.17,FL,8,8
2017,Sep.17,NY,8,4
2017,Sep.17,MI,8,4
2017,Sep.17,CA,8,6
2017,Sep.17,TX,8,20
2017,Sep.17,TN,8,4
2017,Sep.17,GA,8,7
2017,Sep.17,VA,8,2
2017,Sep.17,WV,8,1
2017,Sep.17,ID,8,3
2017,Sep.17,KY,8,1
2017,Sep.17,NE,8,2
2017,Sep.17,NV,8,1
2017,Sep.17,MD,8,3
2017,Sep.17,AL,8,5
2017,Sep.17,PR,8,1
2017,Sep.17,OK,8,2
2017,Sep.17,IN,8,4
2017,Sep.17,NM,8,2
2017,Sep.17,VT,8,2
2017,Sep.17,NC,8,1
2017,Sep.17,AR,8,2
2017,Sep.17,IL,8,6
2017,Sep.17,PA,8,6
2017,Sep.17,LA,8,3
2017,Sep.17,OR,8,2
2017,Sep.17,WY,8,1
2017,Sep.17,IA,8,1
2017,Sep.17,OH,8,1
2017,Sep.17,NJ,8,1
2017,Sep.17,KS,8,2
2017,Sep.17,VI,8,1
2017,Sep.17,MS,8,2
2017,Sep.17,MN,8,1
2017,Sep.17,UT,8,1
2017,Sep.17,MO,8,2
2017,Sep.17,WI,8,1
2017,Sep.17,ND,8,1
2017,Aug.17,CA,7,9
2017,Aug.17,TX,7,21
2017,Aug.17,NY,7,9
2017,Aug.17,VA,7,5
2017,Aug.17,PA,7,3
2017,Aug.17,KS,7,2
2017,Aug.17,OH,7,6
2017,Aug.17,GA,7,7
2017,Aug.17,FL,7,9
2017,Aug.17,KY,7,1
2017,Aug.17,IN,7,1
2017,Aug.17,DC,7,1
2017,Aug.17,NC,7,4
2017,Aug.17,CO,7,1
2017,Aug.17,CT,7,1
2017,Aug.17,MS,7,1
2017,Aug.17,IA,7,3
2017,Aug.17,OR,7,5
2017,Aug.17,TN,7,3
2017,Aug.17,SC,7,2
2017,Aug.17,LA,7,2
2017,Aug.17,AL,7,2
2017,Aug.17,WI,7,1
2017,Aug.17,IL,7,4
2017,Aug.17,ID,7,2
2017,Aug.17,MD,7,4
2017,Aug.17,VT,7,1
2017,Aug.17,RI,7,1
2017,Aug.17,MA,7,2
2017,Aug.17,OK,7,1
2017,Aug.17,MI,7,4
2017,Aug.17,NH,7,1
2017,Aug.17,MN,7,2
2017,Aug.17,MO,7,1
2017,Aug.17,MT,7,1
2017,Aug.17,AZ,7,1
2017,Jul.17,DE,6,1
2017,Jul.17,MN,6,3
2017,Jul.17,OK,6,3
2017,Jul.17,NY,6,5
2017,Jul.17,OH,6,4
2017,Jul.17,ND,6,2
2017,Jul.17,AL,6,3
2017,Jul.17,MI,6,6
2017,Jul.17,OR,6,5
2017,Jul.17,TX,6,12
2017,Jul.17,PA,6,7
2017,Jul.17,AR,6,1
2017,Jul.17,NJ,6,2
2017,Jul.17,FL,6,2
2017,Jul.17,ME,6,1
2017,Jul.17,IL,6,4
2017,Jul.17,TN,6,3
2017,Jul.17,IA,6,1
2017,Jul.17,GA,6,5
2017,Jul.17,MD,6,2
2017,Jul.17,VA,6,6
2017,Jul.17,MT,6,1
2017,Jul.17,AZ,6,1
2017,Jul.17,LA,6,1
2017,Jul.17,CO,6,1
2017,Jul.17,CT,6,1
2017,Jul.17,WV,6,2
2017,Jul.17,MA,6,1
2017,Jul.17,CA,6,7
2017,Jul.17,KS,6,1
2017,Jul.17,MP,6,1
2017,Jul.17,WI,6,1
2017,Jul.17,IN,6,1
2017,Jul.17,PR,6,1
2017,Jul.17,NC,6,1
2017,Jun.17,WI,5,2
2017,Jun.17,TX,5,19
2017,Jun.17,FL,5,14
2017,Jun.17,CA,5,10
2017,Jun.17,TN,5,3
2017,Jun.17,IL,5,4
2017,Jun.17,MI,5,2
2017,Jun.17,NY,5,6
2017,Jun.17,CO,5,6
2017,Jun.17,OR,5,2
2017,Jun.17,LA,5,2
2017,Jun.17,PA,5,2
2017,Jun.17,WY,5,2
2017,Jun.17,IN,5,1
2017,Jun.17,WV,5,1
2017,Jun.17,MD,5,1
2017,Jun.17,OH,5,2
2017,Jun.17,GA,5,3
2017,Jun.17,AK,5,3
2017,Jun.17,UT,5,1
2017,Jun.17,VA,5,2
2017,Jun.17,MA,5,1
2017,Jun.17,NV,5,1
2017,Jun.17,OK,5,2
2017,Jun.17,MS,5,2
2017,Jun.17,SC,5,3
2017,Jun.17,IA,5,1
2017,Jun.17,NJ,5,4
2017,Jun.17,AL,5,1
2017,Jun.17,MN,5,1
2017,Jun.17,KY,5,1
2017,May.17,CA,4,12
2017,May.17,MI,4,3
2017,May.17,LA,4,2
2017,May.17,KS,4,1
2017,May.17,WI,4,1
2017,May.17,NJ,4,3
2017,May.17,TX,4,13
2017,May.17,NC,4,3
2017,May.17,MA,4,3
2017,May.17,MO,4,2
2017,May.17,GA,4,5
2017,May.17,IN,4,4
2017,May.17,MD,4,2
2017,May.17,OH,4,3
2017,May.17,OK,4,4
2017,May.17,SC,4,1
2017,May.17,TN,4,5
2017,May.17,PA,4,3
2017,May.17,ME,4,1
2017,May.17,PR,4,2
2017,May.17,CO,4,1
2017,May.17,NY,4,9
2017,May.17,IL,4,4
2017,May.17,DC,4,1
2017,May.17,FL,4,6
2017,May.17,WV,4,1
2017,May.17,OR,4,3
2017,May.17,NH,4,3
2017,May.17,MS,4,4
2017,May.17,IA,4,4
2017,May.17,AL,4,1
2017,May.17,MN,4,1
2017,May.17,WY,4,1
2017,May.17,VA,4,1
2017,Apr.17,PA,3,3
2017,Apr.17,SC,3,4
2017,Apr.17,FL,3,7
2017,Apr.17,TN,3,5
2017,Apr.17,NC,3,2
2017,Apr.17,AL,3,1
2017,Apr.17,NY,3,7
2017,Apr.17,CA,3,10
2017,Apr.17,OK,3,1
2017,Apr.17,KS,3,1
2017,Apr.17,TX,3,14
2017,Apr.17,OH,3,4
2017,Apr.17,GA,3,5
2017,Apr.17,NV,3,2
2017,Apr.17,IL,3,3
2017,Apr.17,MI,3,4
2017,Apr.17,IA,3,3
2017,Apr.17,VA,3,4
2017,Apr.17,IN,3,2
2017,Apr.17,WI,3,2
2017,Apr.17,OR,3,2
2017,Apr.17,VT,3,1
2017,Apr.17,AR,3,1
2017,Apr.17,LA,3,3
2017,Apr.17,MT,3,1
2017,Apr.17,KY,3,2
2017,Apr.17,MD,3,2
2017,Apr.17,MO,3,1
2017,Apr.17,NJ,3,1
2017,Apr.17,MS,3,2
2017,Apr.17,CO,3,2
2017,Apr.17,WV,3,1
2017,Apr.17,HI,3,1
2017,Apr.17,ID,3,1
2017,Apr.17,AZ,3,1
2017,Mar.17,SC,2,4
2017,Mar.17,GA,2,2
2017,Mar.17,OH,2,1
2017,Mar.17,CA,2,12
2017,Mar.17,MD,2,1
2017,Mar.17,TX,2,13
2017,Mar.17,ME,2,2
2017,Mar.17,ND,2,1
2017,Mar.17,IL,2,5
2017,Mar.17,IA,2,3
2017,Mar.17,PA,2,1
2017,Mar.17,LA,2,2
2017,Mar.17,MI,2,2
2017,Mar.17,MA,2,4
2017,Mar.17,WI,2,3
2017,Mar.17,NC,2,1
2017,Mar.17,FL,2,5
2017,Mar.17,MP,2,1
2017,Mar.17,MN,2,1
2017,Mar.17,NY,2,5
2017,Mar.17,OR,2,1
2017,Mar.17,KY,2,2
2017,Mar.17,KS,2,2
2017,Mar.17,AL,2,1
2017,Mar.17,TN,2,1
2017,Mar.17,IN,2,1
2017,Mar.17,NJ,2,2
2017,Mar.17,MO,2,1
2017,Mar.17,AZ,2,1
2017,Mar.17,PR,2,1
2017,Feb.17,MN,1,3
2017,Feb.17,MA,1,1
2017,Feb.17,DC,1,1
2017,Feb.17,ND,1,2
2017,Feb.17,NY,1,4
2017,Feb.17,IL,1,6
2017,Feb.17,FL,1,7
2017,Feb.17,IA,1,1
2017,Feb.17,NC,1,6
2017,Feb.17,MS,1,2
2017,Feb.17,OH,1,1
2017,Feb.17,TX,1,8
2017,Feb.17,MD,1,2
2017,Feb.17,LA,1,5
2017,Feb.17,PA,1,4
2017,Feb.17,AL,1,4
2017,Feb.17,CA,1,14
2017,Feb.17,OR,1,1
2017,Feb.17,SC,1,3
2017,Feb.17,GA,1,1
2017,Feb.17,NV,1,1
2017,Feb.17,RI,1,1
2017,Feb.17,OK,1,1
2017,Feb.17,WV,1,1
2017,Feb.17,VA,1,1
2017,Feb.17,TN,1,1
2017,Feb.17,HI,1,1
2017,Feb.17,MI,1,1
2017,Feb.17,CO,1,1
2017,Feb.17,MO,1,1
2017,Jan.17,FL,0,9
2017,Jan.17,TX,0,17
2017,Jan.17,DE,0,1
2017,Jan.17,IN,0,1
2017,Jan.17,PA,0,6
2017,Jan.17,VA,0,3
2017,Jan.17,OH,0,1
2017,Jan.17,NY,0,1
2017,Jan.17,MA,0,2
2017,Jan.17,CA,0,10
2017,Jan.17,TN,0,4
2017,Jan.17,MD,0,2
2017,Jan.17,WI,0,3
2017,Jan.17,OK,0,2
2017,Jan.17,NC,0,4
2017,Jan.17,ME,0,1
2017,Jan.17,NJ,0,1
2017,Jan.17,DC,0,1
2017,Jan.17,AL,0,1
2017,Jan.17,LA,0,1
2017,Jan.17,GU,0,1
2017,Jan.17,OR,0,2
2017,Jan.17,AS,0,1
2017,Jan.17,IL,0,2
2017,Jan.17,KY,0,3
2017,Jan.17,WV,0,1
2017,Jan.17,MO,0,1
2017,Jan.17,MI,0,1
2017,Jan.17,CT,0,1
2017,Jan.17,VT,0,1
2017,Jan.17,GA,0,1
2017,Jan.17,ND,0,1
2017,Jan.17,UT,0,1
2017,Jan.17,MN,0,1
2021,Nov.21,PA,10,1
2021,Oct.21,ME,9,1
2021,Oct.21,WA,9,1
2021,Oct.21,PA,9,1
2021,Sep.21,KY,8,1
2021,Sep.21,NC,8,7
2021,Sep.21,WY,8,1
2021,Aug.21,SC,7,2
2021,Jan.21,DC,0,1
2020,Dec.20,DC,11,1
2021,Nov.21,OH,10,1
2021,Nov.21,TN,10,1
2021,Oct.21,MN,9,1
2021,Oct.21,AK,9,1
2021,Sep.21,WV,8,1
2021,Apr.21,DC,3,1
2020,Nov.20,NM,10,6
2021,Sep.21,NV,8,1
2021,Sep.21,AR,8,1
2021,Sep.21,MO,8,1
2021,Aug.21,AZ,7,3
2021,Dec.21,TN,11,1
2021,Aug.21,MS,7,1
2021,Nov.21,UT,10,1
2021,Oct.21,UT,9,1
2021,Sep.21,OK,8,1
2021,May.21,MI,4,1
2020,Nov.20,ND,10,3
2020,May.20,NY,4,41
2021,Oct.21,NJ,9,1
2021,Oct.21,AZ,9,1
2021,Jul.21,AR,6,1
2021,Apr.21,WI,3,1
2021,Mar.21,MI,2,2
2020,Oct.20,IN,9,3
2020,Apr.20,MS,3,1
2021,Aug.21,MT,7,1
2021,May.21,OR,4,1
2021,May.21,NE,4,1
2021,Apr.21,IN,3,1
2021,Mar.21,CT,2,1
2021,Feb.21,AK,1,1
2021,Feb.21,CT,1,1
2021,Feb.21,DC,1,1
2021,Feb.21,MI,1,1
2021,Feb.21,VA,1,1
2021,Feb.21,MO,1,1
2021,Feb.21,AZ,1,1
2021,Feb.21,AR,1,2
2021,Jan.21,PA,0,6
2021,Jan.21,KY,0,8
2021,Jan.21,MA,0,3
2021,Jan.21,WV,0,3
2021,Jan.21,AZ,0,1
2021,Jan.21,IA,0,1
2020,Dec.20,PR,11,1
2020,Dec.20,NM,11,4
2020,Dec.20,KS,11,3
2020,Dec.20,CT,11,3
2020,Dec.20,MO,11,3
2020,Dec.20,ND,11,1
2020,Nov.20,AR,10,5
2020,Nov.20,RI,10,2
2020,Nov.20,GU,10,1
2020,Nov.20,IA,10,4
2020,Oct.20,RI,9,1
2020,Oct.20,AR,9,1
2020,Oct.20,GU,9,1
2020,Oct.20,KS,9,1
2020,Sep.20,ND,8,1
2020,Sep.20,NE,8,2
2020,Aug.20,AK,7,1
2020,Jul.20,VA,6,3
2020,Jul.20,MO,6,4
2020,Jul.20,CT,6,2
2020,Jun.20,MO,5,3
2020,Jun.20,GA,5,2
2020,Jun.20,RI,5,2
2020,May.20,NJ,4,37
2020,May.20,CT,4,8
2020,May.20,KS,4,7
2020,May.20,MI,4,5
2020,May.20,MS,4,2
2020,Apr.20,MI,3,16
2020,Apr.20,IN,3,8
2020,Apr.20,KY,3,5
2020,Apr.20,CO,3,1
2020,Jun.20,MA,5,4
2020,May.20,RI,4,3
2020,Apr.20,NM,3,1
2020,Jun.20,AR,5,5
2020,Jun.20,NH,5,1
2020,May.20,NH,4,1
2020,May.20,VA,4,5
2020,Apr.20,NE,3,1
2020,Jul.20,PR,6,1
2020,Jul.20,SC,6,1
2020,Jun.20,OH,5,3
2020,Jun.20,IA,5,4
2020,Jun.20,NE,5,1
2020,Jun.20,ME,5,1
2020,May.20,AL,4,3
2020,May.20,PR,4,2
2020,May.20,SC,4,1
2020,May.20,DC,4,1
2020,May.20,KY,4,1
2020,May.20,LA,4,3
2020,May.20,DE,4,1
2020,Apr.20,CT,3,4
2020,Apr.20,RI,3,2
2020,Apr.20,LA,3,5
2020,Apr.20,MN,3,1
2020,Apr.20,VA,3,2
2020,Apr.20,MD,3,7
2020,Mar.20,PR,2,1